date,temp_max,temp_min,precipitation,rain,weather_code
2019-01-01,2.3,-1.5,6.0,3.6,73
2019-01-02,0.0,-3.0,0.1,0.0,71
2019-01-03,4.3,-4.9,0.0,0.0,3
2019-01-04,8.4,-1.0,0.0,0.0,0
2019-01-05,10.2,-0.9,0.0,0.0,1
2019-01-06,5.1,1.5,0.0,0.0,3
2019-01-07,11.6,3.0,11.4,11.4,61
2019-01-08,10.4,1.8,0.2,0.2,51
2019-01-09,4.0,-6.7,0.0,0.0,3
2019-01-10,-3.7,-8.6,0.0,0.0,3
2019-01-11,0.8,-4.8,0.0,0.0,3
2019-01-12,-0.6,-2.5,6.9,0.0,75
2019-01-13,-0.6,-2.5,2.8,0.0,73
2019-01-14,-1.1,-4.7,0.0,0.0,3
2019-01-15,-1.2,-5.3,0.0,0.0,3
2019-01-16,0.5,-2.8,0.0,0.0,3
2019-01-17,1.9,-2.0,0.4,0.0,71
2019-01-18,0.1,-2.0,0.4,0.0,71
2019-01-19,-1.2,-4.0,10.9,0.0,73
2019-01-20,-4.1,-13.1,1.3,0.0,71
2019-01-21,-10.5,-14.0,0.7,0.0,71
2019-01-22,1.1,-13.2,0.7,0.5,71
2019-01-23,1.5,-5.0,14.2,10.7,73
2019-01-24,-5.5,-13.9,0.1,0.1,51
2019-01-25,-7.8,-22.4,0.6,0.0,73
2019-01-26,-10.4,-24.0,0.8,0.0,73
2019-01-27,-10.9,-19.2,1.3,0.0,73
2019-01-28,0.9,-19.0,10.1,0.1,75
2019-01-29,-6.9,-18.4,0.8,0.0,71
2019-01-30,-18.0,-30.8,0.0,0.0,3
2019-01-31,-20.0,-32.5,0.3,0.0,71
2019-02-01,-9.6,-19.2,1.8,0.1,73
2019-02-02,3.6,-11.6,0.0,0.0,3
2019-02-03,8.1,2.8,0.2,0.2,51
2019-02-04,11.8,5.7,4.9,4.9,61
2019-02-05,4.1,-6.0,0.0,0.0,3
2019-02-06,2.7,-1.2,16.2,16.2,63
2019-02-07,10.4,0.5,9.6,9.6,61
2019-02-08,-1.1,-14.4,0.0,0.0,3
2019-02-09,-5.3,-14.9,0.0,0.0,2
2019-02-10,-1.6,-6.9,2.0,0.0,73
2019-02-11,0.3,-2.6,0.4,0.0,71
2019-02-12,1.2,-1.2,14.7,7.2,75
2019-02-13,0.2,-8.8,1.4,0.0,71
2019-02-14,9.9,-4.8,0.0,0.0,3
2019-02-15,3.8,-10.6,0.0,0.0,3
2019-02-16,-1.4,-8.9,0.0,0.0,3
2019-02-17,-2.0,-4.8,4.8,0.0,73
2019-02-18,-2.4,-3.8,2.8,0.0,73
2019-02-19,-2.6,-11.9,0.0,0.0,3
2019-02-20,3.3,-2.6,4.9,1.2,75
2019-02-21,1.8,-4.2,0.0,0.0,3
2019-02-22,1.1,-5.1,0.0,0.0,3
2019-02-23,3.7,-0.8,3.2,3.2,55
2019-02-24,9.9,-5.1,7.9,7.8,71
2019-02-25,-3.9,-14.1,0.0,0.0,3
2019-02-26,-4.2,-7.5,0.0,0.0,3
2019-02-27,1.5,-4.7,1.2,0.0,73
2019-02-28,-3.5,-9.5,0.0,0.0,3
2019-03-01,-0.1,-5.6,0.0,0.0,3
2019-03-02,-0.2,-2.5,0.3,0.0,71
2019-03-03,-2.1,-6.5,0.4,0.0,71
2019-03-04,-8.0,-18.6,0.0,0.0,2
2019-03-05,-4.6,-13.0,0.0,0.0,3
2019-03-06,0.9,-12.9,0.0,0.0,3
2019-03-07,-1.6,-9.1,0.0,0.0,3
2019-03-08,1.8,-6.1,0.2,0.0,71
2019-03-09,4.5,-2.0,18.3,18.3,65
2019-03-10,7.2,2.0,8.6,8.6,63
2019-03-11,6.2,-4.7,0.0,0.0,3
2019-03-12,10.6,-5.4,0.0,0.0,3
2019-03-13,15.6,4.0,3.4,3.4,61
2019-03-14,15.6,9.9,13.0,13.0,63
2019-03-15,6.9,1.8,1.8,1.6,71
2019-03-16,5.2,-3.5,0.0,0.0,3
2019-03-17,6.1,-3.0,0.6,0.1,71
2019-03-18,5.3,-3.0,0.0,0.0,3
2019-03-19,9.9,-2.5,0.0,0.0,3
2019-03-20,7.8,2.8,6.6,6.4,71
2019-03-21,7.7,1.1,1.8,1.8,51
2019-03-22,5.4,0.8,0.0,0.0,1
2019-03-23,7.9,-3.8,0.0,0.0,3
2019-03-24,8.1,2.3,4.3,4.3,53
2019-03-25,3.0,0.9,1.8,1.8,53
2019-03-26,4.4,-2.2,0.0,0.0,3
2019-03-27,13.1,-2.2,0.0,0.0,3
2019-03-28,18.7,5.3,2.2,2.2,55
2019-03-29,7.7,2.8,2.5,2.5,53
2019-03-30,5.5,1.3,18.1,17.7,71
2019-03-31,3.0,-5.0,0.1,0.0,71
2019-04-01,9.2,-4.1,0.0,0.0,3
2019-04-02,12.4,1.8,0.0,0.0,3
2019-04-03,14.1,1.4,0.0,0.0,3
2019-04-04,10.9,4.7,10.7,10.7,55
2019-04-05,8.4,3.5,3.5,3.5,53
2019-04-06,12.8,3.8,0.0,0.0,3
2019-04-07,18.8,9.1,1.7,1.7,53
2019-04-08,17.1,9.9,0.2,0.2,51
2019-04-09,17.4,7.1,0.0,0.0,3
2019-04-10,14.5,1.9,3.1,3.1,55
2019-04-11,14.6,2.7,0.5,0.5,53
2019-04-12,14.0,6.3,10.8,10.8,61
2019-04-13,10.8,1.7,0.0,0.0,3
2019-04-14,6.6,1.2,17.7,1.7,75
2019-04-15,10.4,-1.2,1.8,0.3,73
2019-04-16,22.8,6.3,0.0,0.0,3
2019-04-17,20.3,5.7,1.3,1.3,55
2019-04-18,20.4,9.2,9.7,9.7,61
2019-04-19,6.6,4.1,0.9,0.9,51
2019-04-20,12.1,3.8,0.0,0.0,0
2019-04-21,21.1,2.2,0.0,0.0,3
2019-04-22,23.0,10.2,0.2,0.2,51
2019-04-23,19.6,8.1,0.2,0.2,51
2019-04-24,14.1,4.2,0.0,0.0,3
2019-04-25,14.4,7.6,0.2,0.2,51
2019-04-26,16.5,8.9,2.5,2.5,55
2019-04-27,13.9,0.9,13.8,0.9,75
2019-04-28,4.8,1.1,6.6,0.6,75
2019-04-29,12.1,4.8,15.8,15.8,63
2019-04-30,9.8,4.8,9.0,9.0,61
2019-05-01,18.9,6.3,45.2,45.2,63
2019-05-02,7.3,5.3,11.9,11.9,63
2019-05-03,9.2,5.3,0.1,0.1,51
2019-05-04,12.4,4.6,0.4,0.4,51
2019-05-05,21.5,5.0,0.0,0.0,3
2019-05-06,19.0,7.8,0.2,0.2,51
2019-05-07,8.4,6.4,13.5,13.5,63
2019-05-08,17.2,5.8,1.7,1.7,53
2019-05-09,20.1,15.1,18.8,18.8,63
2019-05-10,11.9,7.7,0.0,0.0,3
2019-05-11,9.6,5.4,3.7,3.7,53
2019-05-12,8.9,5.4,0.2,0.2,51
2019-05-13,11.6,5.7,4.6,4.6,61
2019-05-14,16.9,3.4,0.0,0.0,2
2019-05-15,18.4,7.4,0.0,0.0,3
2019-05-16,27.1,12.2,0.0,0.0,3
2019-05-17,21.2,7.7,29.0,29.0,65
2019-05-18,27.9,5.9,1.2,1.2,53
2019-05-19,23.6,18.2,9.3,9.3,63
2019-05-20,19.1,9.0,0.1,0.1,51
2019-05-21,11.4,7.6,8.9,8.9,61
2019-05-22,26.8,10.3,20.0,20.0,65
2019-05-23,23.6,18.0,4.2,4.2,63
2019-05-24,25.4,11.1,3.1,3.1,61
2019-05-25,27.1,20.4,15.4,15.4,65
2019-05-26,25.2,14.0,9.0,9.0,63
2019-05-27,22.3,10.3,9.4,9.4,63
2019-05-28,20.6,10.1,3.8,3.8,63
2019-05-29,18.1,7.9,24.9,24.9,63
2019-05-30,21.4,13.8,12.9,12.9,63
2019-05-31,27.4,14.2,0.0,0.0,2
2019-06-01,26.1,18.0,5.1,5.1,63
2019-06-02,15.9,10.1,0.2,0.2,51
2019-06-03,15.1,8.6,0.0,0.0,3
2019-06-04,26.1,11.6,7.8,7.8,63
2019-06-05,27.4,19.2,8.3,8.3,63
2019-06-06,15.9,11.8,0.0,0.0,3
2019-06-07,17.7,10.2,0.0,0.0,3
2019-06-08,19.9,13.2,0.0,0.0,3
2019-06-09,20.4,14.4,4.1,4.1,61
2019-06-10,20.6,15.4,1.0,1.0,51
2019-06-11,25.1,12.7,0.0,0.0,3
2019-06-12,22.6,17.0,3.4,3.4,61
2019-06-13,17.0,10.8,23.7,23.7,63
2019-06-14,24.0,10.4,0.0,0.0,3
2019-06-15,22.1,16.4,10.9,10.9,61
2019-06-16,18.8,13.4,31.8,31.8,65
2019-06-17,16.0,10.9,0.2,0.2,51
2019-06-18,21.4,12.6,0.1,0.1,51
2019-06-19,21.1,11.9,0.0,0.0,3
2019-06-20,15.8,11.1,25.3,25.3,63
2019-06-21,18.8,10.9,0.0,0.0,3
2019-06-22,23.6,13.6,0.7,0.7,53
2019-06-23,24.5,17.4,6.6,6.6,61
2019-06-24,23.8,19.2,12.8,12.8,63
2019-06-25,28.4,16.2,0.8,0.8,53
2019-06-26,26.9,19.4,0.0,0.0,3
2019-06-27,29.8,20.0,0.0,0.0,3
2019-06-28,30.7,18.9,4.5,4.5,63
2019-06-29,25.2,20.3,0.2,0.2,51
2019-06-30,27.1,20.9,1.8,1.8,55
2019-07-01,29.1,20.5,3.0,3.0,61
2019-07-02,30.5,23.2,7.7,7.7,63
2019-07-03,28.9,19.4,7.7,7.7,63
2019-07-04,30.2,17.9,0.1,0.1,51
2019-07-05,30.4,23.0,3.5,3.5,55
2019-07-06,27.0,17.8,13.5,13.5,63
2019-07-07,20.4,16.1,0.2,0.2,51
2019-07-08,22.5,16.1,0.0,0.0,3
2019-07-09,27.8,17.4,0.0,0.0,3
2019-07-10,33.8,22.0,3.3,3.3,61
2019-07-11,31.0,20.6,0.0,0.0,2
2019-07-12,29.4,16.3,0.0,0.0,0
2019-07-13,34.0,21.5,0.0,0.0,2
2019-07-14,30.1,21.5,1.0,1.0,53
2019-07-15,32.9,23.1,2.1,2.1,61
2019-07-16,29.0,22.0,5.2,5.2,61
2019-07-17,29.5,22.5,4.8,4.8,63
2019-07-18,31.8,23.5,8.8,8.8,63
2019-07-19,32.7,23.4,6.7,6.7,63
2019-07-20,33.6,24.5,0.6,0.6,51
2019-07-21,26.5,21.1,8.2,8.2,63
2019-07-22,22.1,18.5,0.0,0.0,3
2019-07-23,24.2,15.6,0.5,0.5,51
2019-07-24,24.1,16.8,0.0,0.0,3
2019-07-25,27.4,15.7,0.0,0.0,1
2019-07-26,28.3,18.4,0.0,0.0,3
2019-07-27,30.8,21.0,0.7,0.7,53
2019-07-28,31.6,21.4,1.6,1.6,53
2019-07-29,28.9,22.4,11.7,11.7,63
2019-07-30,24.1,20.2,0.3,0.3,51
2019-07-31,21.3,17.5,0.0,0.0,3
2019-08-01,24.2,15.4,0.0,0.0,2
2019-08-02,26.4,18.1,0.0,0.0,2
2019-08-03,29.1,18.5,0.0,0.0,3
2019-08-04,28.3,20.8,1.1,1.1,53
2019-08-05,31.8,20.6,1.3,1.3,53
2019-08-06,30.0,21.5,3.8,3.8,61
2019-08-07,30.5,19.2,0.0,0.0,3
2019-08-08,30.4,22.1,0.0,0.0,2
2019-08-09,26.0,17.0,0.0,0.0,3
2019-08-10,27.5,17.6,0.0,0.0,3
2019-08-11,29.7,20.1,0.1,0.1,51
2019-08-12,25.6,21.9,4.4,4.4,61
2019-08-13,24.9,20.9,27.3,27.3,65
2019-08-14,25.6,19.5,7.3,7.3,63
2019-08-15,22.5,19.2,1.7,1.7,53
2019-08-16,27.0,18.0,1.1,1.1,53
2019-08-17,25.4,19.2,2.3,2.3,53
2019-08-18,28.0,19.5,4.8,4.8,63
2019-08-19,26.9,18.6,0.6,0.6,51
2019-08-20,26.7,22.2,5.1,5.1,61
2019-08-21,27.8,18.4,1.0,1.0,51
2019-08-22,24.5,19.6,0.8,0.8,51
2019-08-23,21.0,17.5,0.0,0.0,2
2019-08-24,21.4,16.9,0.0,0.0,2
2019-08-25,23.8,15.9,0.0,0.0,3
2019-08-26,24.7,18.8,22.4,22.4,63
2019-08-27,26.4,18.5,0.8,0.8,53
2019-08-28,23.8,15.8,0.0,0.0,2
2019-08-29,28.5,14.3,0.2,0.2,51
2019-08-30,24.6,15.8,0.3,0.3,51
2019-08-31,22.0,17.2,0.0,0.0,3
2019-09-01,22.0,17.1,14.3,14.3,63
2019-09-02,25.7,17.0,0.3,0.3,51
2019-09-03,27.1,19.4,7.6,7.6,63
2019-09-04,25.7,16.2,1.2,1.2,55
2019-09-05,20.7,14.8,0.0,0.0,3
2019-09-06,23.5,16.9,1.2,1.2,53
2019-09-07,25.1,13.6,0.0,0.0,3
2019-09-08,20.8,17.3,5.0,5.0,61
2019-09-09,23.1,16.2,3.1,3.1,55
2019-09-10,31.3,21.0,7.1,7.1,63
2019-09-11,30.1,21.4,7.3,7.3,63
2019-09-12,26.1,18.6,15.4,15.4,63
2019-09-13,25.9,21.5,12.3,12.3,63
2019-09-14,26.6,14.4,0.0,0.0,2
2019-09-15,25.7,18.8,5.3,5.3,63
2019-09-16,23.5,19.5,1.1,1.1,53
2019-09-17,22.8,17.4,0.0,0.0,3
2019-09-18,24.9,16.9,0.0,0.0,3
2019-09-19,26.8,17.5,0.0,0.0,3
2019-09-20,25.4,19.5,3.3,3.3,61
2019-09-21,27.8,20.9,0.9,0.9,51
2019-09-22,26.8,20.6,24.1,24.1,63
2019-09-23,22.8,16.0,11.4,11.4,63
2019-09-24,25.5,14.1,0.0,0.0,3
2019-09-25,25.6,17.9,0.0,0.0,3
2019-09-26,21.5,13.2,0.0,0.0,3
2019-09-27,22.1,14.8,4.8,4.8,63
2019-09-28,22.0,15.0,43.7,43.7,65
2019-09-29,19.1,14.9,13.2,13.2,63
2019-09-30,29.4,19.1,3.8,3.8,61
2019-10-01,29.6,22.9,0.0,0.0,3
2019-10-02,25.2,16.5,10.0,10.0,63
2019-10-03,19.1,16.2,40.4,40.4,65
2019-10-04,14.9,10.3,0.6,0.6,51
2019-10-05,17.9,10.3,1.1,1.1,55
2019-10-06,19.1,11.3,2.1,2.1,53
2019-10-07,19.9,9.6,0.0,0.0,3
2019-10-08,20.1,8.1,0.0,0.0,0
2019-10-09,19.2,10.9,0.0,0.0,3
2019-10-10,20.7,13.0,0.7,0.7,53
2019-10-11,19.1,7.2,26.1,26.1,63
2019-10-12,11.9,2.5,0.0,0.0,3
2019-10-13,11.9,3.3,0.0,0.0,3
2019-10-14,11.2,3.4,0.0,0.0,3
2019-10-15,19.1,6.7,2.4,2.4,61
2019-10-16,15.0,7.1,0.1,0.1,51
2019-10-17,11.1,5.6,0.0,0.0,3
2019-10-18,14.1,3.7,0.0,0.0,3
2019-10-19,18.6,7.9,0.0,0.0,3
2019-10-20,14.8,8.9,0.1,0.1,51
2019-10-21,17.3,10.9,6.3,6.3,61
2019-10-22,14.1,8.9,1.4,1.4,53
2019-10-23,14.4,5.4,0.0,0.0,3
2019-10-24,12.1,5.9,1.4,1.4,53
2019-10-25,10.1,5.2,0.0,0.0,3
2019-10-26,9.6,3.7,19.5,19.5,65
2019-10-27,14.1,6.7,31.8,31.8,65
2019-10-28,11.2,5.7,0.3,0.3,51
2019-10-29,8.4,3.7,4.3,4.3,61
2019-10-30,6.1,2.3,17.4,13.4,75
2019-10-31,6.2,0.0,25.4,14.4,75
2019-11-01,7.1,-4.7,0.0,0.0,3
2019-11-02,6.1,0.4,0.8,0.8,51
2019-11-03,10.6,-1.4,0.0,0.0,3
2019-11-04,11.1,5.8,0.2,0.2,51
2019-11-05,7.5,0.7,0.0,0.0,3
2019-11-06,12.4,-1.6,0.0,0.0,3
2019-11-07,3.7,-3.7,1.8,0.6,73
2019-11-08,0.3,-6.8,0.0,0.0,3
2019-11-09,7.8,-2.9,0.0,0.0,3
2019-11-10,5.1,1.4,0.1,0.1,51
2019-11-11,4.1,-5.2,13.4,3.9,75
2019-11-12,-5.4,-12.8,0.0,0.0,3
2019-11-13,-2.5,-14.9,0.0,0.0,3
2019-11-14,0.8,-4.0,0.4,0.0,71
2019-11-15,5.6,-5.7,0.0,0.0,3
2019-11-16,3.6,-0.6,0.0,0.0,3
2019-11-17,4.6,-2.6,0.3,0.3,51
2019-11-18,4.8,1.2,1.0,1.0,51
2019-11-19,4.7,-2.0,1.3,1.3,51
2019-11-20,8.6,-0.9,0.0,0.0,3
2019-11-21,12.9,4.6,6.1,6.1,63
2019-11-22,7.7,-0.4,0.1,0.1,51
2019-11-23,5.3,-4.2,0.0,0.0,3
2019-11-24,9.4,-0.2,0.0,0.0,3
2019-11-25,10.7,1.7,0.0,0.0,3
2019-11-26,7.7,0.1,2.7,2.7,61
2019-11-27,12.2,3.2,15.6,15.6,63
2019-11-28,3.0,-1.4,0.0,0.0,3
2019-11-29,3.5,2.3,0.7,0.7,51
2019-11-30,3.8,2.5,4.9,4.9,55
2019-12-01,4.8,2.0,15.7,15.5,71
2019-12-02,2.7,-0.8,1.7,0.6,73
2019-12-03,5.2,-3.5,0.0,0.0,3
2019-12-04,5.9,-0.9,0.0,0.0,2
2019-12-05,7.2,-3.2,0.0,0.0,3
2019-12-06,5.2,0.3,0.0,0.0,3
2019-12-07,3.4,-3.6,0.0,0.0,3
2019-12-08,8.1,0.5,0.0,0.0,3
2019-12-09,9.1,6.4,6.6,6.6,55
2019-12-10,3.5,-8.2,0.0,0.0,3
2019-12-11,-3.4,-9.1,0.3,0.0,71
2019-12-12,7.3,-7.5,0.0,0.0,3
2019-12-13,6.4,1.0,0.0,0.0,3
2019-12-14,1.6,-1.2,0.0,0.0,3
2019-12-15,-1.7,-7.6,0.0,0.0,3
2019-12-16,0.0,-4.0,1.0,0.0,73
2019-12-17,0.5,-6.5,0.0,0.0,3
2019-12-18,-2.5,-10.4,0.1,0.1,71
2019-12-19,4.8,-9.0,0.0,0.0,3
2019-12-20,5.5,-6.1,0.0,0.0,3
2019-12-21,7.7,-1.7,0.0,0.0,3
2019-12-22,9.6,0.2,0.0,0.0,3
2019-12-23,10.4,0.9,0.0,0.0,3
2019-12-24,11.0,-0.9,0.0,0.0,3
2019-12-25,13.6,3.0,0.0,0.0,3
2019-12-26,16.0,9.2,0.0,0.0,3
2019-12-27,11.5,2.0,0.0,0.0,3
2019-12-28,6.2,-2.3,0.0,0.0,3
2019-12-29,15.1,5.3,15.1,15.1,63
2019-12-30,10.1,-0.2,10.5,9.8,73
2019-12-31,-0.4,-3.7,3.1,0.0,73
2020-01-01,4.9,-6.1,0.0,0.0,3
2020-01-02,9.4,2.5,0.0,0.0,3
2020-01-03,5.3,0.2,0.0,0.0,3
2020-01-04,1.6,-1.5,2.0,0.0,73
2020-01-05,7.2,-4.8,0.1,0.0,71
2020-01-06,4.5,-3.4,0.0,0.0,3
2020-01-07,4.8,-2.2,0.1,0.0,71
2020-01-08,1.5,-8.4,0.1,0.0,71
2020-01-09,9.1,-5.8,0.3,0.3,51
2020-01-10,8.2,3.2,0.5,0.5,51
2020-01-11,3.1,0.0,43.2,41.2,73
2020-01-12,-0.1,-3.8,4.8,0.1,75
2020-01-13,1.4,-0.6,0.0,0.0,3
2020-01-14,6.3,-0.6,0.0,0.0,3
2020-01-15,2.0,-2.8,0.7,0.7,51
2020-01-16,0.9,-7.9,0.0,0.0,3
2020-01-17,-1.6,-8.0,0.4,0.0,73
2020-01-18,2.3,-7.4,14.4,7.3,75
2020-01-19,-6.4,-16.2,0.0,0.0,3
2020-01-20,-1.5,-8.0,0.3,0.0,71
2020-01-21,-0.2,-10.1,0.0,0.0,2
2020-01-22,2.1,-5.4,0.0,0.0,3
2020-01-23,0.7,-1.4,4.7,0.2,73
2020-01-24,3.2,0.6,6.6,3.7,73
2020-01-25,2.7,0.3,12.4,5.6,73
2020-01-26,1.9,-1.0,0.3,0.0,71
2020-01-27,1.8,-2.0,0.0,0.0,3
2020-01-28,0.9,-1.0,0.0,0.0,3
2020-01-29,0.6,-1.2,0.2,0.0,71
2020-01-30,1.8,-1.8,0.0,0.0,3
2020-01-31,3.8,-1.2,0.8,0.0,71
2020-02-01,3.6,-0.4,1.1,0.3,73
2020-02-02,11.6,0.2,0.0,0.0,3
2020-02-03,6.2,-1.5,0.0,0.0,3
2020-02-04,2.3,-0.6,0.0,0.0,3
2020-02-05,-0.6,-2.3,1.0,0.0,73
2020-02-06,-1.0,-2.3,6.5,0.1,73
2020-02-07,0.8,-4.8,1.9,0.0,73
2020-02-08,1.0,-7.4,0.0,0.0,3
2020-02-09,1.9,-9.9,4.5,0.2,75
2020-02-10,1.5,-4.0,0.1,0.1,51
2020-02-11,2.1,-3.5,0.0,0.0,3
2020-02-12,3.2,-5.8,1.5,0.1,73
2020-02-13,-0.4,-11.5,7.2,0.0,75
2020-02-14,-11.5,-22.1,0.0,0.0,1
2020-02-15,1.0,-16.1,0.0,0.0,3
2020-02-16,-0.1,-9.1,0.0,0.0,3
2020-02-17,3.2,-5.7,3.6,2.6,73
2020-02-18,3.2,1.1,3.1,3.1,53
2020-02-19,-1.6,-9.2,0.0,0.0,3
2020-02-20,-4.8,-12.1,0.0,0.0,3
2020-02-21,3.3,-10.8,0.0,0.0,0
2020-02-22,9.1,-3.9,0.0,0.0,3
2020-02-23,12.0,-0.9,0.0,0.0,3
2020-02-24,6.3,0.1,0.3,0.3,51
2020-02-25,2.0,0.8,3.1,1.4,73
2020-02-26,0.6,-1.9,6.0,0.0,73
2020-02-27,-0.4,-5.9,0.0,0.0,3
2020-02-28,-1.2,-8.5,0.0,0.0,3
2020-02-29,3.0,-9.4,0.0,0.0,0
2020-03-01,14.1,-3.3,0.0,0.0,3
2020-03-02,9.2,0.1,0.0,0.0,3
2020-03-03,9.4,-1.3,0.3,0.3,51
2020-03-04,6.8,0.7,1.3,0.5,73
2020-03-05,10.7,-1.7,0.0,0.0,3
2020-03-06,5.9,-0.4,0.4,0.3,71
2020-03-07,9.1,-6.1,0.0,0.0,2
2020-03-08,15.5,2.5,0.0,0.0,3
2020-03-09,12.6,8.4,6.5,6.5,61
2020-03-10,11.6,1.4,11.1,11.1,63
2020-03-11,8.6,-0.7,0.1,0.0,71
2020-03-12,15.1,2.0,0.0,0.0,3
2020-03-13,11.4,0.3,0.3,0.3,51
2020-03-14,5.4,0.0,1.7,0.0,73
2020-03-15,2.2,-0.6,0.4,0.0,73
2020-03-16,4.6,-1.1,1.0,0.8,71
2020-03-17,5.2,0.3,0.0,0.0,3
2020-03-18,7.6,0.6,9.9,9.9,63
2020-03-19,13.8,2.1,10.9,10.9,63
2020-03-20,15.9,1.1,11.0,11.0,63
2020-03-21,0.3,-2.4,0.0,0.0,3
2020-03-22,2.2,-3.8,1.4,0.0,73
2020-03-23,4.7,0.3,5.0,0.0,73
2020-03-24,4.6,-1.8,0.0,0.0,3
2020-03-25,15.2,-1.5,0.0,0.0,3
2020-03-26,10.0,3.3,7.1,7.1,63
2020-03-27,8.5,2.2,1.7,1.7,53
2020-03-28,14.2,5.8,13.0,13.0,63
2020-03-29,17.7,6.2,3.0,3.0,61
2020-03-30,8.9,4.4,0.0,0.0,3
2020-03-31,3.9,1.9,0.0,0.0,3
2020-04-01,7.2,1.9,0.0,0.0,3
2020-04-02,7.6,0.7,0.0,0.0,3
2020-04-03,14.8,4.5,0.1,0.1,51
2020-04-04,13.4,3.8,2.4,2.4,53
2020-04-05,5.4,1.9,0.0,0.0,3
2020-04-06,13.1,0.6,0.7,0.7,51
2020-04-07,23.9,9.8,12.9,12.9,63
2020-04-08,17.4,5.8,3.0,3.0,61
2020-04-09,8.2,4.1,1.9,1.9,61
2020-04-10,7.4,0.0,0.0,0.0,3
2020-04-11,16.4,3.9,0.2,0.2,51
2020-04-12,18.4,8.1,4.3,4.3,53
2020-04-13,13.1,2.2,2.4,2.4,53
2020-04-14,4.9,-2.3,1.0,0.0,73
2020-04-15,3.7,-2.8,2.5,0.0,73
2020-04-16,8.2,-3.3,0.0,0.0,3
2020-04-17,5.5,0.9,7.5,0.5,73
2020-04-18,13.1,-0.4,0.0,0.0,3
2020-04-19,13.5,5.7,0.2,0.2,51
2020-04-20,15.6,-0.1,0.4,0.4,51
2020-04-21,13.1,2.4,0.7,0.7,51
2020-04-22,14.1,1.9,2.9,2.3,73
2020-04-23,13.1,6.4,1.2,1.2,51
2020-04-24,7.2,4.8,1.0,1.0,53
2020-04-25,7.1,4.3,14.2,14.2,61
2020-04-26,11.5,5.2,3.3,3.3,61
2020-04-27,18.4,2.1,0.9,0.9,53
2020-04-28,19.5,8.2,6.9,6.9,61
2020-04-29,17.2,8.5,38.0,38.0,63
2020-04-30,8.9,4.8,19.6,19.6,63
2020-05-01,14.6,1.6,0.0,0.0,3
2020-05-02,23.8,10.4,0.4,0.4,51
2020-05-03,19.8,11.5,0.0,0.0,3
2020-05-04,18.5,3.7,0.0,0.0,3
2020-05-05,7.9,4.1,5.9,5.9,53
2020-05-06,12.4,3.6,0.2,0.2,51
2020-05-07,17.5,7.4,0.0,0.0,3
2020-05-08,7.5,3.0,0.0,0.0,3
2020-05-09,12.8,-1.2,0.0,0.0,3
2020-05-10,12.4,3.6,6.6,6.6,61
2020-05-11,6.8,3.1,1.1,1.1,53
2020-05-12,13.9,2.8,0.0,0.0,3
2020-05-13,17.4,5.3,0.0,0.0,3
2020-05-14,22.0,10.8,15.3,15.3,63
2020-05-15,20.2,12.6,10.3,10.3,61
2020-05-16,17.5,7.2,0.0,0.0,3
2020-05-17,20.1,8.3,35.2,35.2,63
2020-05-18,18.0,11.7,26.6,26.6,65
2020-05-19,14.6,9.6,1.8,1.8,53
2020-05-20,15.4,10.1,0.2,0.2,51
2020-05-21,15.8,10.1,0.0,0.0,3
2020-05-22,16.6,10.1,0.3,0.3,51
2020-05-23,22.2,10.4,13.5,13.5,63
2020-05-24,27.7,16.1,5.5,5.5,63
2020-05-25,27.4,19.5,1.1,1.1,53
2020-05-26,26.4,20.0,2.6,2.6,61
2020-05-27,25.4,20.2,3.6,3.6,61
2020-05-28,24.1,19.1,12.1,12.1,63
2020-05-29,22.7,14.6,8.1,8.1,61
2020-05-30,17.2,12.6,1.3,1.3,53
2020-05-31,14.6,9.4,0.0,0.0,3
2020-06-01,20.0,10.4,1.2,1.2,53
2020-06-02,30.0,18.4,0.0,0.0,3
2020-06-03,29.7,21.1,1.2,1.2,53
2020-06-04,26.5,18.0,1.0,1.0,51
2020-06-05,29.8,19.1,0.2,0.2,51
2020-06-06,27.1,15.8,0.0,0.0,3
2020-06-07,21.4,12.6,0.0,0.0,3
2020-06-08,28.5,17.0,0.0,0.0,3
2020-06-09,30.0,20.2,5.2,5.2,61
2020-06-10,28.0,20.9,11.0,11.0,63
2020-06-11,25.2,14.4,1.0,1.0,53
2020-06-12,24.2,14.1,0.0,0.0,3
2020-06-13,16.5,12.4,1.9,1.9,53
2020-06-14,17.8,12.5,0.0,0.0,3
2020-06-15,19.9,12.0,0.0,0.0,3
2020-06-16,25.1,14.2,0.0,0.0,0
2020-06-17,27.5,16.2,0.0,0.0,1
2020-06-18,28.2,17.0,0.0,0.0,1
2020-06-19,30.9,19.0,0.0,0.0,3
2020-06-20,31.6,20.6,0.1,0.1,51
2020-06-21,26.4,21.0,16.1,16.1,63
2020-06-22,28.1,20.1,5.6,5.6,63
2020-06-23,24.0,17.4,20.5,20.5,63
2020-06-24,23.9,15.4,3.2,3.2,61
2020-06-25,23.7,16.1,0.5,0.5,53
2020-06-26,30.1,17.7,3.8,3.8,63
2020-06-27,29.1,21.0,15.5,15.5,63
2020-06-28,26.5,21.3,5.8,5.8,61
2020-06-29,29.3,21.1,2.5,2.5,61
2020-06-30,27.2,21.8,6.8,6.8,63
2020-07-01,26.2,21.6,0.6,0.6,53
2020-07-02,27.2,19.5,0.0,0.0,3
2020-07-03,28.7,18.5,0.0,0.0,3
2020-07-04,26.7,20.4,0.0,0.0,3
2020-07-05,29.5,19.8,0.0,0.0,1
2020-07-06,32.5,21.2,0.3,0.3,51
2020-07-07,32.2,23.4,0.9,0.9,53
2020-07-08,31.4,24.0,2.8,2.8,53
2020-07-09,33.8,24.4,0.5,0.5,51
2020-07-10,28.5,21.8,21.6,21.6,63
2020-07-11,29.5,20.2,1.9,1.9,61
2020-07-12,27.5,20.1,6.5,6.5,63
2020-07-13,24.8,16.9,0.6,0.6,51
2020-07-14,29.6,17.9,0.0,0.0,3
2020-07-15,29.9,21.0,0.2,0.2,51
2020-07-16,24.2,21.4,70.0,70.0,65
2020-07-17,29.7,18.5,0.0,0.0,3
2020-07-18,32.5,22.8,0.0,0.0,3
2020-07-19,31.0,24.0,13.1,13.1,65
2020-07-20,26.9,20.2,0.0,0.0,3
2020-07-21,27.2,21.9,0.3,0.3,51
2020-07-22,28.5,21.5,5.8,5.8,61
2020-07-23,27.8,19.5,0.1,0.1,51
2020-07-24,25.5,18.0,0.1,0.1,51
2020-07-25,30.2,18.9,0.0,0.0,3
2020-07-26,32.8,22.6,0.3,0.3,51
2020-07-27,30.1,23.2,19.5,19.5,63
2020-07-28,28.8,19.3,0.1,0.1,51
2020-07-29,29.0,21.2,0.4,0.4,51
2020-07-30,25.2,21.4,2.5,2.5,53
2020-07-31,24.5,19.2,0.0,0.0,3
2020-08-01,23.9,20.5,0.7,0.7,51
2020-08-02,27.0,19.7,8.9,8.9,61
2020-08-03,21.5,17.9,7.0,7.0,63
2020-08-04,19.6,16.7,0.5,0.5,51
2020-08-05,23.2,12.4,0.0,0.0,3
2020-08-06,24.4,15.6,0.0,0.0,3
2020-08-07,26.0,15.4,0.0,0.0,0
2020-08-08,31.7,18.5,0.0,0.0,3
2020-08-09,33.0,22.0,0.1,0.1,51
2020-08-10,29.5,22.4,20.2,20.2,63
2020-08-11,25.2,18.9,0.0,0.0,3
2020-08-12,25.2,16.8,0.0,0.0,3
2020-08-13,25.9,19.5,0.0,0.0,3
2020-08-14,27.3,19.9,0.0,0.0,0
2020-08-15,28.5,19.9,0.1,0.1,51
2020-08-16,25.0,18.4,1.3,1.3,53
2020-08-17,26.1,18.8,0.0,0.0,3
2020-08-18,25.0,20.8,0.0,0.0,2
2020-08-19,24.2,16.2,0.0,0.0,0
2020-08-20,29.4,15.3,0.0,0.0,0
2020-08-21,29.5,17.5,0.0,0.0,2
2020-08-22,31.0,18.0,0.0,0.0,1
2020-08-23,31.5,19.5,0.7,0.7,53
2020-08-24,35.3,21.3,0.2,0.2,51
2020-08-25,32.2,22.1,4.0,4.0,61
2020-08-26,33.5,22.5,0.0,0.0,1
2020-08-27,32.1,24.0,3.3,3.3,61
2020-08-28,31.2,23.5,2.1,2.1,55
2020-08-29,27.1,21.1,0.6,0.6,51
2020-08-30,24.5,18.8,0.0,0.0,3
2020-08-31,30.5,18.4,0.0,0.0,3
2020-09-01,26.9,20.4,5.0,5.0,55
2020-09-02,29.2,19.6,0.2,0.2,51
2020-09-03,29.8,19.0,0.0,0.0,3
2020-09-04,25.5,13.2,0.0,0.0,3
2020-09-05,27.1,17.0,0.0,0.0,2
2020-09-06,27.6,15.9,16.2,16.2,63
2020-09-07,24.3,18.8,3.5,3.5,63
2020-09-08,18.8,16.7,33.5,33.5,63
2020-09-09,19.0,16.5,7.1,7.1,61
2020-09-10,17.8,16.5,0.9,0.9,53
2020-09-11,20.1,16.5,8.2,8.2,63
2020-09-12,22.4,17.2,30.6,30.6,63
2020-09-13,23.0,15.0,0.3,0.3,51
2020-09-14,21.6,15.8,0.0,0.0,2
2020-09-15,24.9,14.4,0.0,0.0,0
2020-09-16,26.6,14.9,0.0,0.0,2
2020-09-17,23.8,16.4,0.6,0.6,51
2020-09-18,15.9,12.8,0.1,0.1,51
2020-09-19,15.6,8.8,0.0,0.0,1
2020-09-20,20.8,9.9,0.0,0.0,2
2020-09-21,22.8,11.4,0.0,0.0,3
2020-09-22,25.0,11.9,0.0,0.0,2
2020-09-23,25.0,14.0,0.0,0.0,3
2020-09-24,25.6,14.1,0.0,0.0,3
2020-09-25,26.6,14.3,0.0,0.0,2
2020-09-26,28.4,16.9,0.0,0.0,3
2020-09-27,26.1,18.4,0.0,0.0,3
2020-09-28,19.1,12.2,7.6,7.6,61
2020-09-29,15.6,8.4,0.1,0.1,51
2020-09-30,18.2,11.2,0.4,0.4,51
2020-10-01,13.9,8.4,5.1,5.1,61
2020-10-02,12.6,7.8,0.2,0.2,51
2020-10-03,13.9,6.4,0.4,0.4,51
2020-10-04,11.7,6.3,4.8,4.8,53
2020-10-05,15.2,3.2,0.0,0.0,0
2020-10-06,21.5,10.1,0.0,0.0,3
2020-10-07,22.5,14.3,0.0,0.0,0
2020-10-08,18.1,8.5,0.0,0.0,0
2020-10-09,26.0,10.9,0.0,0.0,3
2020-10-10,23.9,14.8,0.2,0.2,51
2020-10-11,19.4,13.8,0.9,0.9,51
2020-10-12,22.4,13.9,8.2,8.2,63
2020-10-13,20.2,7.6,0.0,0.0,2
2020-10-14,21.9,6.8,0.0,0.0,3
2020-10-15,21.0,9.4,0.2,0.2,51
2020-10-16,11.0,3.5,0.0,0.0,3
2020-10-17,16.6,3.2,0.0,0.0,3
2020-10-18,14.7,6.2,7.4,7.4,61
2020-10-19,9.9,4.7,4.6,4.6,61
2020-10-20,11.9,5.9,1.3,1.3,51
2020-10-21,12.5,8.1,3.1,3.1,61
2020-10-22,24.0,10.7,16.6,16.6,63
2020-10-23,21.5,7.7,16.5,16.5,63
2020-10-24,6.8,2.8,0.0,0.0,3
2020-10-25,8.1,5.2,0.2,0.2,51
2020-10-26,7.7,2.3,3.1,2.3,73
2020-10-27,3.3,1.6,2.4,0.5,73
2020-10-28,10.6,-0.2,0.0,0.0,3
2020-10-29,9.2,4.7,0.2,0.2,51
2020-10-30,5.1,0.2,0.0,0.0,3
2020-10-31,12.9,0.3,0.0,0.0,0
2020-11-01,11.6,2.0,0.0,0.0,3
2020-11-02,9.1,-3.0,0.0,0.0,3
2020-11-03,17.6,3.8,0.0,0.0,2
2020-11-04,20.1,10.1,0.0,0.0,1
2020-11-05,19.4,13.4,0.0,0.0,3
2020-11-06,21.5,9.6,0.0,0.0,2
2020-11-07,21.0,11.1,0.0,0.0,3
2020-11-08,23.4,12.6,0.2,0.2,51
2020-11-09,22.2,16.4,0.1,0.1,51
2020-11-10,22.8,18.4,2.7,2.7,61
2020-11-11,18.4,1.4,4.9,4.9,63
2020-11-12,10.9,0.8,0.0,0.0,3
2020-11-13,7.7,1.2,0.9,0.9,51
2020-11-14,8.9,-2.2,0.0,0.0,3
2020-11-15,12.3,4.7,8.1,8.1,61
2020-11-16,7.8,-0.6,0.8,0.8,53
2020-11-17,6.2,-1.6,0.0,0.0,3
2020-11-18,9.4,-1.9,0.0,0.0,3
2020-11-19,17.1,6.2,0.0,0.0,3
2020-11-20,14.9,10.1,0.0,0.0,3
2020-11-21,10.2,3.5,0.0,0.0,3
2020-11-22,7.2,3.9,3.5,3.5,53
2020-11-23,6.4,2.1,0.0,0.0,3
2020-11-24,5.4,1.6,10.3,8.7,73
2020-11-25,7.9,5.5,10.6,10.6,61
2020-11-26,8.5,5.0,1.4,1.4,53
2020-11-27,7.6,2.4,0.0,0.0,3
2020-11-28,9.2,-2.5,0.0,0.0,0
2020-11-29,9.3,2.5,0.0,0.0,3
2020-11-30,6.2,-0.8,0.8,0.0,71
2020-12-01,1.0,-3.9,0.2,0.0,71
2020-12-02,7.4,-4.2,0.0,0.0,3
2020-12-03,6.7,-2.1,0.0,0.0,3
2020-12-04,6.8,0.1,0.0,0.0,2
2020-12-05,3.4,1.2,0.0,0.0,3
2020-12-06,2.2,0.9,0.1,0.1,51
2020-12-07,2.4,0.1,0.0,0.0,3
2020-12-08,3.2,-0.4,0.0,0.0,3
2020-12-09,10.2,0.1,0.0,0.0,3
2020-12-10,10.9,-0.6,0.0,0.0,3
2020-12-11,6.9,1.2,2.5,2.5,53
2020-12-12,5.1,3.0,32.8,32.8,63
2020-12-13,2.3,-2.6,0.5,0.1,71
2020-12-14,0.2,-4.5,0.0,0.0,3
2020-12-15,-0.1,-5.3,0.0,0.0,3
2020-12-16,0.5,-2.0,0.4,0.0,71
2020-12-17,1.3,-0.2,0.5,0.0,71
2020-12-18,2.8,-4.6,0.0,0.0,3
2020-12-19,7.9,-0.3,0.0,0.0,3
2020-12-20,4.2,0.2,0.0,0.0,3
2020-12-21,7.6,-0.5,0.2,0.2,51
2020-12-22,5.0,-0.9,0.1,0.1,51
2020-12-23,11.7,2.7,2.6,2.6,55
2020-12-24,10.2,-10.1,3.1,3.1,61
2020-12-25,-5.4,-12.6,0.3,0.0,71
2020-12-26,1.3,-7.7,0.0,0.0,3
2020-12-27,7.5,-4.5,0.0,0.0,3
2020-12-28,4.8,-2.8,0.2,0.2,51
2020-12-29,-0.4,-8.3,0.5,0.0,73
2020-12-30,2.2,-2.2,12.8,9.6,75
2020-12-31,-1.0,-7.2,0.0,0.0,3
2021-01-01,0.9,-4.4,9.4,2.7,75
2021-01-02,1.2,-1.6,7.1,0.9,75
2021-01-03,2.4,-0.2,3.3,0.0,73
2021-01-04,1.6,-4.4,0.0,0.0,3
2021-01-05,3.5,-4.4,0.1,0.0,71
2021-01-06,1.8,-2.5,0.0,0.0,3
2021-01-07,3.0,-0.2,0.0,0.0,3
2021-01-08,1.9,0.4,0.0,0.0,3
2021-01-09,1.6,-2.0,0.0,0.0,3
2021-01-10,-1.1,-3.2,0.0,0.0,3
2021-01-11,-1.3,-5.2,0.0,0.0,3
2021-01-12,4.5,-3.3,0.0,0.0,3
2021-01-13,6.8,-1.6,0.0,0.0,3
2021-01-14,4.9,-1.0,0.8,0.8,51
2021-01-15,3.3,-0.2,5.0,4.0,71
2021-01-16,3.3,-3.3,2.1,0.2,73
2021-01-17,1.4,-1.0,2.8,0.1,73
2021-01-18,-0.5,-4.2,0.4,0.0,71
2021-01-19,-1.4,-7.5,0.1,0.0,71
2021-01-20,-0.4,-9.5,2.3,0.0,75
2021-01-21,4.4,-3.0,0.0,0.0,2
2021-01-22,0.2,-9.7,0.0,0.0,3
2021-01-23,-0.2,-12.1,0.0,0.0,3
2021-01-24,2.3,-2.8,2.2,0.0,73
2021-01-25,0.6,-1.5,0.3,0.0,73
2021-01-26,-0.1,-1.1,15.6,0.1,75
2021-01-27,-1.1,-5.4,0.9,0.0,71
2021-01-28,-4.2,-13.9,0.0,0.0,3
2021-01-29,-1.3,-16.3,0.0,0.0,3
2021-01-30,1.0,-3.4,0.6,0.0,73
2021-01-31,0.1,-1.4,22.3,0.1,75
2021-02-01,0.3,-1.9,0.8,0.0,73
2021-02-02,-0.2,-5.8,0.0,0.0,3
2021-02-03,-1.7,-11.4,0.0,0.0,2
2021-02-04,1.2,-6.2,6.2,0.8,75
2021-02-05,0.6,-12.1,2.4,0.2,73
2021-02-06,-10.9,-17.7,0.9,0.0,73
2021-02-07,-12.1,-21.9,1.1,0.0,73
2021-02-08,-11.0,-20.5,1.1,0.0,71
2021-02-09,-10.2,-15.2,0.8,0.0,71
2021-02-10,-8.1,-16.1,0.7,0.0,71
2021-02-11,-5.4,-12.1,0.4,0.0,71
2021-02-12,-5.1,-11.2,0.7,0.0,71
2021-02-13,-10.0,-13.8,4.4,0.2,73
2021-02-14,-13.1,-20.2,0.2,0.1,71
2021-02-15,-8.0,-16.9,5.6,0.0,73
2021-02-16,-7.1,-12.0,10.0,0.1,75
2021-02-17,-8.3,-15.1,0.4,0.0,71
2021-02-18,-5.2,-9.6,1.1,0.0,71
2021-02-19,-5.7,-14.4,0.0,0.0,3
2021-02-20,-6.6,-18.8,0.0,0.0,3
2021-02-21,0.5,-10.1,0.4,0.0,71
2021-02-22,2.3,-2.8,4.7,1.8,73
2021-02-23,4.8,1.2,0.0,0.0,3
2021-02-24,5.2,-0.1,0.0,0.0,3
2021-02-25,2.5,-9.2,0.0,0.0,3
2021-02-26,3.5,-9.4,0.0,0.0,3
2021-02-27,10.4,-0.9,2.6,2.2,73
2021-02-28,12.3,2.8,0.9,0.9,51
2021-03-01,3.1,-5.4,0.0,0.0,3
2021-03-02,6.2,-9.1,0.0,0.0,0
2021-03-03,10.1,1.1,0.0,0.0,0
2021-03-04,2.3,-0.9,0.0,0.0,3
2021-03-05,6.2,-4.4,0.0,0.0,0
2021-03-06,3.9,-4.7,0.0,0.0,3
2021-03-07,7.9,-4.0,0.0,0.0,3
2021-03-08,16.5,5.1,0.0,0.0,3
2021-03-09,17.1,4.3,0.0,0.0,3
2021-03-10,19.0,11.1,0.3,0.3,51
2021-03-11,15.8,8.4,1.7,1.7,53
2021-03-12,8.4,1.9,0.0,0.0,3
2021-03-13,13.2,-1.6,0.0,0.0,3
2021-03-14,9.1,1.8,0.0,0.0,3
2021-03-15,3.0,-0.3,5.0,0.0,75
2021-03-16,3.5,-0.4,0.3,0.0,71
2021-03-17,3.9,-0.8,1.1,1.1,55
2021-03-18,5.1,2.2,18.1,18.1,63
2021-03-19,3.8,-0.9,0.0,0.0,3
2021-03-20,10.6,-1.7,0.0,0.0,0
2021-03-21,16.0,1.6,0.0,0.0,3
2021-03-22,18.5,6.3,0.0,0.0,3
2021-03-23,16.2,9.2,3.3,3.3,61
2021-03-24,15.6,10.6,7.0,7.0,61
2021-03-25,12.2,4.4,0.3,0.3,51
2021-03-26,4.4,1.6,9.6,9.6,61
2021-03-27,18.8,3.0,0.4,0.4,51
2021-03-28,14.2,4.0,2.0,2.0,53
2021-03-29,15.4,-1.9,0.0,0.0,3
2021-03-30,19.5,8.9,0.1,0.1,51
2021-03-31,12.4,1.3,0.4,0.4,51
2021-04-01,3.5,-3.3,0.1,0.0,71
2021-04-02,8.8,-4.8,0.0,0.0,3
2021-04-03,18.9,2.5,0.0,0.0,3
2021-04-04,19.0,4.1,0.0,0.0,2
2021-04-05,22.5,12.5,0.3,0.3,51
2021-04-06,26.5,13.1,0.0,0.0,3
2021-04-07,25.6,14.2,1.1,1.1,53
2021-04-08,18.2,12.6,13.7,13.7,63
2021-04-09,17.2,10.0,1.6,1.6,53
2021-04-10,14.9,7.0,8.6,8.6,61
2021-04-11,12.1,5.8,1.6,1.6,53
2021-04-12,16.7,8.7,1.8,1.8,53
2021-04-13,12.9,5.0,0.0,0.0,1
2021-04-14,10.6,1.9,0.0,0.0,3
2021-04-15,8.8,2.2,0.0,0.0,3
2021-04-16,8.1,3.8,0.0,0.0,3
2021-04-17,8.6,3.5,0.0,0.0,3
2021-04-18,16.2,1.0,0.1,0.1,51
2021-04-19,15.1,7.2,2.8,2.8,53
2021-04-20,7.8,2.3,2.8,0.1,73
2021-04-21,8.5,-1.6,2.6,0.8,73
2021-04-22,13.6,-1.2,0.1,0.1,51
2021-04-23,16.7,4.8,0.0,0.0,3
2021-04-24,13.2,8.6,1.5,1.5,53
2021-04-25,12.6,4.1,0.7,0.7,51
2021-04-26,24.1,3.3,0.0,0.0,3
2021-04-27,29.8,16.6,0.0,0.0,3
2021-04-28,27.4,7.1,0.8,0.8,51
2021-04-29,13.5,6.6,13.0,13.0,63
2021-04-30,13.4,6.1,0.0,0.0,3
2021-05-01,26.0,4.3,0.0,0.0,3
2021-05-02,28.0,15.9,0.1,0.1,51
2021-05-03,23.4,14.3,2.1,2.1,53
2021-05-04,19.5,9.8,4.0,4.0,61
2021-05-05,10.9,6.3,0.0,0.0,3
2021-05-06,10.0,6.8,6.8,6.8,61
2021-05-07,12.7,5.2,0.4,0.4,51
2021-05-08,9.1,2.7,0.0,0.0,3
2021-05-09,9.2,4.1,25.0,24.5,73
2021-05-10,8.3,3.9,0.4,0.4,51
2021-05-11,8.9,3.0,0.2,0.2,51
2021-05-12,13.2,3.7,0.0,0.0,0
2021-05-13,17.8,2.3,0.0,0.0,0
2021-05-14,19.5,6.5,0.0,0.0,3
2021-05-15,16.9,9.8,1.6,1.6,53
2021-05-16,20.7,9.3,0.0,0.0,3
2021-05-17,18.7,12.6,0.0,0.0,3
2021-05-18,23.4,13.3,0.3,0.3,51
2021-05-19,23.5,17.1,10.5,10.5,61
2021-05-20,28.4,18.4,0.0,0.0,3
2021-05-21,29.6,19.2,0.0,0.0,3
2021-05-22,30.5,17.5,0.2,0.2,51
2021-05-23,29.1,20.5,4.1,4.1,61
2021-05-24,30.4,13.1,2.7,2.7,61
2021-05-25,30.0,21.5,0.7,0.7,53
2021-05-26,27.5,18.2,3.9,3.9,53
2021-05-27,22.0,11.4,3.1,3.1,53
2021-05-28,12.9,7.6,18.7,18.7,63
2021-05-29,13.4,7.2,3.5,3.5,61
2021-05-30,17.9,6.3,0.0,0.0,3
2021-05-31,21.5,12.1,0.0,0.0,3
2021-06-01,22.1,9.1,0.5,0.5,51
2021-06-02,21.2,12.7,0.0,0.0,3
2021-06-03,28.0,11.4,0.0,0.0,3
2021-06-04,33.3,20.7,0.1,0.1,51
2021-06-05,33.2,19.9,0.0,0.0,3
2021-06-06,31.6,21.4,0.1,0.1,51
2021-06-07,27.0,21.8,22.9,22.9,63
2021-06-08,26.3,19.8,4.7,4.7,63
2021-06-09,27.3,19.9,1.3,1.3,51
2021-06-10,24.6,16.6,0.0,0.0,3
2021-06-11,28.2,18.8,0.0,0.0,3
2021-06-12,28.0,18.2,0.3,0.3,51
2021-06-13,26.0,18.5,0.5,0.5,51
2021-06-14,26.1,18.5,0.0,0.0,1
2021-06-15,22.6,16.5,0.0,0.0,3
2021-06-16,21.8,15.1,0.0,0.0,2
2021-06-17,33.2,14.4,0.0,0.0,2
2021-06-18,32.3,20.8,0.3,0.3,51
2021-06-19,33.4,21.3,0.2,0.2,51
2021-06-20,28.7,17.4,2.1,2.1,53
2021-06-21,26.1,18.1,12.5,12.5,63
2021-06-22,22.5,12.6,0.4,0.4,51
2021-06-23,25.8,16.3,0.7,0.7,51
2021-06-24,25.4,19.0,2.0,2.0,61
2021-06-25,26.5,20.9,43.0,43.0,63
2021-06-26,27.2,22.2,40.6,40.6,63
2021-06-27,28.0,22.0,6.1,6.1,63
2021-06-28,27.0,20.1,10.5,10.5,63
2021-06-29,28.1,22.2,12.0,12.0,63
2021-06-30,27.1,21.6,23.8,23.8,63
2021-07-01,25.9,17.0,1.3,1.3,53
2021-07-02,19.1,14.4,0.0,0.0,3
2021-07-03,29.6,13.6,0.0,0.0,1
2021-07-04,31.8,20.2,0.0,0.0,3
2021-07-05,32.5,21.7,0.0,0.0,2
2021-07-06,32.3,23.0,2.5,2.5,53
2021-07-07,29.5,22.4,1.1,1.1,51
2021-07-08,21.0,17.0,10.9,10.9,63
2021-07-09,21.9,15.1,0.1,0.1,51
2021-07-10,22.8,18.1,0.7,0.7,51
2021-07-11,21.0,18.6,29.4,29.4,63
2021-07-12,22.5,18.0,9.0,9.0,63
2021-07-13,25.1,19.5,29.2,29.2,63
2021-07-14,29.5,19.8,1.4,1.4,53
2021-07-15,25.7,22.5,6.5,6.5,61
2021-07-16,22.5,18.9,11.5,11.5,63
2021-07-17,21.1,18.0,0.3,0.3,51
2021-07-18,24.4,18.8,0.9,0.9,53
2021-07-19,25.3,18.1,0.0,0.0,0
2021-07-20,29.5,18.8,0.0,0.0,2
2021-07-21,21.5,18.1,0.2,0.2,51
2021-07-22,27.2,17.5,0.4,0.4,51
2021-07-23,30.1,22.0,1.9,1.9,53
2021-07-24,32.5,22.8,2.9,2.9,53
2021-07-25,31.5,21.6,0.9,0.9,51
2021-07-26,31.9,20.0,0.0,0.0,3
2021-07-27,33.2,21.7,0.0,0.0,3
2021-07-28,32.1,23.5,0.2,0.2,51
2021-07-29,31.0,24.0,0.1,0.1,51
2021-07-30,22.8,17.7,0.0,0.0,3
2021-07-31,27.1,15.2,0.3,0.3,51
2021-08-01,24.8,20.0,1.1,1.1,53
2021-08-02,23.8,16.7,0.5,0.5,51
2021-08-03,25.9,16.0,0.5,0.5,51
2021-08-04,27.4,17.2,0.0,0.0,1
2021-08-05,30.0,17.6,0.0,0.0,3
2021-08-06,27.4,20.2,6.7,6.7,55
2021-08-07,29.6,19.0,15.5,15.5,65
2021-08-08,30.6,23.9,1.0,1.0,53
2021-08-09,27.4,22.0,26.5,26.5,63
2021-08-10,32.2,21.7,16.8,16.8,65
2021-08-11,31.0,22.9,15.3,15.3,63
2021-08-12,31.8,22.0,3.8,3.8,61
2021-08-13,25.9,21.6,0.6,0.6,53
2021-08-14,24.5,20.2,0.0,0.0,3
2021-08-15,24.4,16.8,0.0,0.0,3
2021-08-16,24.3,17.0,0.0,0.0,2
2021-08-17,26.0,19.2,0.4,0.4,51
2021-08-18,26.1,21.6,6.5,6.5,63
2021-08-19,27.3,22.1,2.2,2.2,55
2021-08-20,28.0,22.1,0.5,0.5,51
2021-08-21,30.8,22.4,0.5,0.5,51
2021-08-22,26.3,21.7,0.6,0.6,51
2021-08-23,31.8,18.8,0.0,0.0,3
2021-08-24,32.6,22.4,3.3,3.3,53
2021-08-25,32.5,22.9,10.6,10.6,63
2021-08-26,28.4,23.0,20.1,20.1,65
2021-08-27,31.4,22.3,0.0,0.0,2
2021-08-28,32.1,23.5,5.3,5.3,63
2021-08-29,30.5,23.6,2.8,2.8,53
2021-08-30,27.6,19.2,0.0,0.0,3
2021-08-31,25.9,18.8,0.0,0.0,3
2021-09-01,24.0,20.3,0.3,0.3,51
2021-09-02,23.9,16.2,0.0,0.0,3
2021-09-03,24.9,16.9,0.0,0.0,3
2021-09-04,25.0,19.7,4.4,4.4,55
2021-09-05,27.3,16.0,1.0,1.0,53
2021-09-06,23.7,16.5,0.0,0.0,2
2021-09-07,30.6,18.5,16.5,16.5,65
2021-09-08,24.8,15.4,1.3,1.3,55
2021-09-09,21.3,14.6,0.1,0.1,51
2021-09-10,25.5,14.8,0.0,0.0,3
2021-09-11,30.3,18.5,0.0,0.0,3
2021-09-12,31.6,21.9,0.0,0.0,3
2021-09-13,31.1,20.1,0.0,0.0,3
2021-09-14,30.2,23.0,0.2,0.2,51
2021-09-15,23.6,16.4,0.0,0.0,3
2021-09-16,26.3,14.4,0.0,0.0,0
2021-09-17,31.1,17.5,0.0,0.0,1
2021-09-18,29.3,20.0,0.0,0.0,3
2021-09-19,28.5,18.3,0.3,0.3,51
2021-09-20,28.0,21.4,11.0,11.0,61
2021-09-21,23.1,18.0,15.4,15.4,63
2021-09-22,17.1,15.1,4.8,4.8,53
2021-09-23,17.9,11.8,0.0,0.0,3
2021-09-24,23.9,12.0,0.0,0.0,3
2021-09-25,21.9,10.3,1.5,1.5,53
2021-09-26,26.0,13.4,0.0,0.0,3
2021-09-27,29.7,18.5,0.0,0.0,3
2021-09-28,20.2,17.6,0.2,0.2,51
2021-09-29,24.1,13.9,0.0,0.0,3
2021-09-30,24.0,15.1,0.0,0.0,3
2021-10-01,28.4,16.3,0.0,0.0,3
2021-10-02,23.9,19.1,7.8,7.8,61
2021-10-03,23.4,18.6,26.4,26.4,63
2021-10-04,21.0,16.5,19.0,19.0,63
2021-10-05,18.4,15.9,1.4,1.4,53
2021-10-06,19.5,16.7,0.2,0.2,51
2021-10-07,22.6,17.9,19.6,19.6,63
2021-10-08,22.2,16.3,10.7,10.7,63
2021-10-09,24.2,15.5,2.6,2.6,61
2021-10-10,25.5,20.6,0.6,0.6,51
2021-10-11,23.9,20.5,10.4,10.4,63
2021-10-12,21.4,16.4,15.6,15.6,65
2021-10-13,21.6,13.5,1.3,1.3,53
2021-10-14,21.0,17.6,14.7,14.7,63
2021-10-15,17.6,12.4,1.1,1.1,55
2021-10-16,14.4,7.8,1.0,1.0,53
2021-10-17,17.5,6.9,0.0,0.0,1
2021-10-18,20.5,6.7,0.0,0.0,0
2021-10-19,19.9,11.1,0.0,0.0,3
2021-10-20,21.0,11.7,0.1,0.1,51
2021-10-21,18.5,10.2,2.0,2.0,53
2021-10-22,12.9,6.9,1.1,1.1,53
2021-10-23,12.3,6.6,0.0,0.0,3
2021-10-24,10.6,6.1,14.1,14.1,61
2021-10-25,10.9,9.9,47.5,47.5,65
2021-10-26,12.2,7.4,0.0,0.0,3
2021-10-27,11.6,5.8,0.0,0.0,3
2021-10-28,13.3,9.1,3.6,3.6,53
2021-10-29,12.9,12.1,25.4,25.4,63
2021-10-30,13.1,11.1,6.7,6.7,61
2021-10-31,11.9,7.4,0.0,0.0,3
2021-11-01,8.9,2.3,0.0,0.0,3
2021-11-02,7.4,0.6,0.0,0.0,3
2021-11-03,6.6,-0.6,0.0,0.0,3
2021-11-04,7.8,-0.8,0.0,0.0,3
2021-11-05,10.1,0.4,0.0,0.0,0
2021-11-06,13.4,2.7,0.0,0.0,3
2021-11-07,17.0,5.8,0.0,0.0,3
2021-11-08,17.2,8.8,0.0,0.0,3
2021-11-09,12.6,8.8,0.0,0.0,3
2021-11-10,12.6,7.2,0.0,0.0,3
2021-11-11,12.7,9.2,11.8,11.8,63
2021-11-12,8.8,2.1,0.7,0.6,71
2021-11-13,5.0,1.2,0.0,0.0,3
2021-11-14,3.4,1.2,4.0,0.8,75
2021-11-15,1.9,-2.9,0.8,0.0,71
2021-11-16,9.1,0.6,0.0,0.0,3
2021-11-17,15.7,7.3,8.6,8.6,61
2021-11-18,9.0,-0.1,0.0,0.0,3
2021-11-19,3.2,-3.5,0.0,0.0,3
2021-11-20,8.8,1.2,0.0,0.0,3
2021-11-21,11.5,1.5,0.3,0.3,51
2021-11-22,5.9,-4.8,0.0,0.0,2
2021-11-23,5.3,-5.6,0.0,0.0,3
2021-11-24,9.9,1.6,0.0,0.0,3
2021-11-25,9.1,0.6,4.2,4.2,55
2021-11-26,-0.2,-7.2,0.0,0.0,3
2021-11-27,4.4,-2.8,0.7,0.7,53
2021-11-28,2.5,-2.0,0.0,0.0,3
2021-11-29,3.7,-4.7,0.2,0.1,71
2021-11-30,8.8,-0.3,0.4,0.1,73
2021-12-01,9.4,1.5,0.4,0.4,51
2021-12-02,13.2,6.6,0.8,0.8,53
2021-12-03,7.9,3.0,0.5,0.4,71
2021-12-04,4.7,-1.0,0.0,0.0,3
2021-12-05,8.6,1.4,4.0,4.0,61
2021-12-06,5.9,-5.2,1.4,1.4,55
2021-12-07,-3.5,-9.9,0.0,0.0,3
2021-12-08,0.7,-5.8,0.0,0.0,3
2021-12-09,7.1,-3.1,0.0,0.0,3
2021-12-10,7.7,0.9,4.4,4.4,61
2021-12-11,14.4,1.9,17.8,17.8,63
2021-12-12,8.4,-0.2,0.0,0.0,3
2021-12-13,9.1,2.0,0.0,0.0,3
2021-12-14,10.1,-0.3,0.0,0.0,3
2021-12-15,17.6,8.2,4.9,4.9,63
2021-12-16,16.8,3.5,1.1,1.1,55
2021-12-17,2.7,-3.5,0.0,0.0,3
2021-12-18,4.1,1.6,7.2,4.7,75
2021-12-19,2.2,-2.5,0.0,0.0,3
2021-12-20,5.0,-1.8,0.0,0.0,3
2021-12-21,4.8,-1.9,0.0,0.0,3
2021-12-22,1.6,-7.2,0.0,0.0,3
2021-12-23,7.8,-3.8,0.2,0.0,71
2021-12-24,13.8,-0.9,0.0,0.0,3
2021-12-25,11.9,2.3,4.8,4.8,61
2021-12-26,4.7,-0.9,0.0,0.0,3
2021-12-27,9.9,2.4,11.1,11.1,63
2021-12-28,3.0,-1.5,10.1,2.1,75
2021-12-29,2.7,0.0,0.4,0.4,51
2021-12-30,2.8,0.4,2.9,0.0,75
2021-12-31,6.7,-0.4,0.0,0.0,3
